{
  "version": "1.0.0",
  "platformVersion": "3.1.0",
  "beforeRequest": [],
  "afterResponse": [],
  "resources": {},
  "triggers": {
    "kenticocloud": {
      "key": "kenticocloud",
      "noun": "Kentico Cloud",
      "display": {
        "label": "New Project",
        "description": "Trigger when a Kentico Cloud project is updated."
      },
      "operation": {
        "inputFields": [
          {
            "key": "projectId",
            "type": "string",
            "required": true
          }
        ],
        "perform": "$func$2$f$"
      }
    }
  },
  "searches": {},
  "creates": {},
  "searchOrCreates": {}
}