{
  "version": "1.0.0",
  "platformVersion": "3.1.0",
  "beforeRequest": [],
  "afterResponse": [],
  "resources": {},
  "triggers": {},
  "searches": {
    "kentico_cloud": {
      "key": "kentico_cloud",
      "noun": "Kentico Cloud",
      "display": {
        "label": "Kentico Cloud Content",
        "description": "Retrieve content items from Kentico Cloud storage."
      },
      "operation": {
        "inputFields": [
          {
            "key": "projectId",
            "label": "Project ID (Static value)",
            "type": "string",
            "required": true
          },
          {
            "key": "contentType",
            "label": "Content type codename (Static value)",
            "type": "string",
            "required": true
          },
          {
            "key": "payloadOperation",
            "label": "Message Operation (Catch Hook value)",
            "type": "string",
            "required": true
          },
          {
            "key": "payloadDataItems",
            "label": "Data Items (Catch Hook value)",
            "type": "string",
            "required": true
          }
        ],
        "perform": "$func$2$f$"
      }
    }
  },
  "creates": {},
  "searchOrCreates": {}
}