{
  "version": "1.0.0",
  "platformVersion": "3.1.0",
  "beforeRequest": [],
  "afterResponse": [],
  "resources": {},
  "triggers": {},
  "searches": {
    "kentico_cloud": {
      "key": "kentico_cloud",
      "noun": "Kenticocloud",
      "display": {
        "label": "Find a Kenticocloud",
        "description": "Finds a kenticocloud."
      },
      "operation": {
        "inputFields": [
          {
            "key": "projectId",
            "label": "Project ID",
            "type": "string",
            "required": true
          },
          {
            "key": "contentType",
            "label": "Content type",
            "type": "string",
            "required": true
          },
          {
            "key": "contentItem",
            "label": "Content item",
            "type": "string",
            "required": true
          }
        ],
        "perform": "$func$2$f$"
      }
    }
  },
  "creates": {},
  "searchOrCreates": {}
}